2X F....k  Car Vinyl Sticker Decal Truck Bumper Removable Fine Art Cafe-1135D http://t.co/fZUy9bFC6c http://t.co/WElVRItxCf::Error 451: Invalid Auth, or you are not using URL encoding on your text.
@_KeepIt_Jazzy you owe the car lot all of 0.00 dollars not me tho lol !!::Error 451: Invalid Auth, or you are not using URL encoding on your text.
I liked a @YouTube video from @regularcars http://t.co/B4VNRWR1ty Regular Car Reviews: 1999 Chevy Blazer::Error 451: Invalid Auth, or you are not using URL encoding on your text.
RT @ABC: Toddler found alive 13 hours after car crashes into river; mom dead http://t.co/dGHTX8MwBd::Error 451: Invalid Auth, or you are not using URL encoding on your text.
10x 31mm LED Festoon Dome Car Bulbs 3021 3022 DE3175 Green DE3022 http://t.co/bbIgfq4THZ http://t.co/zJqc9xi9u9::Error 451: Invalid Auth, or you are not using URL encoding on your text.
14pcs Car Truck Underglow System Neon Glow 12" LED Strips Lights Kit Blue http://t.co/K7oiM7hXtU http://t.co/gVCGItm4lq::Error 451: Invalid Auth, or you are not using URL encoding on your text.
RT @femalebook: mom: *gets into car*

me: *violently shakes door handle until mom unlocks car*::Error 451: Invalid Auth, or you are not using URL encoding on your text.
If you let your car get really warm on the inside and then open your window it almost feels like going from the hot tub to the pool::Error 451: Invalid Auth, or you are not using URL encoding on your text.
@jen_fos I had a '66 Chevelle about this same color. I loved that car! She was killed by a drunk driver, luckily I wasn't !!::Error 451: Invalid Auth, or you are not using URL encoding on your text.
Sosialisasi Permainan Tradisional, Enggrang dan Gasing Eksis di CFD: Sosialisi kali ini dilakukan di Car Free ... http://t.co/JCzWnwXeM4::<html>
<head><title>404 Not Found</title></head>
<body><h1>404 Not Found</h1></body>
</html>
